statut_juridique,secteur_activite,taille,region,montant_financement
Coopérative,Tech,Start-up,Casablanca-Settat,331910
Auto-entrepreneur,Tech,PME,Tanger-Tétouan,196950
Coopérative,Commerce,TPE,Autre,29271
Coopérative,Artisanat,TPE,Fès-Meknès,32763
Auto-entrepreneur,Industrie,Start-up,Casablanca-Settat,314117
Auto-entrepreneur,Tourisme,Start-up,Tanger-Tétouan,147758
Coopérative,Artisanat,PME,Fès-Meknès,96318
Personne physique,Artisanat,Start-up,Marrakech-Safi,172771
Coopérative,Tech,Start-up,Fès-Meknès,308727
Coopérative,Artisanat,TPE,Rabat-Salé-Kénitra,27589
Coopérative,Industrie,TPE,Rabat-Salé-Kénitra,46335
Coopérative,Industrie,PME,Marrakech-Safi,172813
Auto-entrepreneur,Agriculture,Start-up,Casablanca-Settat,198761
Coopérative,Industrie,Start-up,Tanger-Tétouan,300458
Personne physique,Industrie,TPE,Fès-Meknès,57999
Auto-entrepreneur,Tech,Start-up,Rabat-Salé-Kénitra,246944
Personne physique,Industrie,TPE,Casablanca-Settat,70964
Personne physique,Agriculture,PME,Marrakech-Safi,107611
Personne physique,Tourisme,TPE,Autre,47159
Personne physique,Tech,Start-up,Rabat-Salé-Kénitra,417225
Auto-entrepreneur,Tourisme,PME,Marrakech-Safi,117045
Auto-entrepreneur,Tech,TPE,Fès-Meknès,62751
Personne physique,Commerce,TPE,Tanger-Tétouan,34534
Personne physique,Artisanat,PME,Rabat-Salé-Kénitra,120666
Auto-entrepreneur,Commerce,PME,Rabat-Salé-Kénitra,99828
Auto-entrepreneur,Industrie,TPE,Fès-Meknès,53007
Auto-entrepreneur,Tourisme,Start-up,Autre,146881
Coopérative,Industrie,TPE,Casablanca-Settat,64743
Coopérative,Artisanat,PME,Tanger-Tétouan,108775
Coopérative,Tech,TPE,Rabat-Salé-Kénitra,54022
Personne physique,Artisanat,PME,Tanger-Tétouan,100701
Coopérative,Agriculture,PME,Rabat-Salé-Kénitra,125298
Personne physique,Artisanat,Start-up,Tanger-Tétouan,171844
Personne physique,Agriculture,PME,Marrakech-Safi,108828
Coopérative,Artisanat,PME,Rabat-Salé-Kénitra,88104
Personne physique,Agriculture,Start-up,Tanger-Tétouan,170521
Coopérative,Tourisme,PME,Casablanca-Settat,152742
Coopérative,Industrie,Start-up,Marrakech-Safi,278138
Auto-entrepreneur,Industrie,Start-up,Marrakech-Safi,199333
Coopérative,Commerce,PME,Casablanca-Settat,120296
Auto-entrepreneur,Industrie,PME,Tanger-Tétouan,136381
Coopérative,Tech,TPE,Fès-Meknès,52231
Coopérative,Artisanat,Start-up,Casablanca-Settat,168781
Auto-entrepreneur,Commerce,TPE,Tanger-Tétouan,31717
Auto-entrepreneur,Tech,PME,Casablanca-Settat,173106
Coopérative,Tech,TPE,Casablanca-Settat,75926
Personne physique,Agriculture,Start-up,Rabat-Salé-Kénitra,186754
Auto-entrepreneur,Industrie,TPE,Tanger-Tétouan,50724
Personne physique,Tourisme,Start-up,Fès-Meknès,219791
Personne physique,Tourisme,PME,Rabat-Salé-Kénitra,145611
Personne physique,Commerce,PME,Casablanca-Settat,149395
Auto-entrepreneur,Tourisme,Start-up,Autre,165135
Personne physique,Artisanat,PME,Casablanca-Settat,133022
Auto-entrepreneur,Tourisme,PME,Casablanca-Settat,127144
Personne physique,Commerce,PME,Tanger-Tétouan,129895
Coopérative,Tourisme,PME,Tanger-Tétouan,137526
Coopérative,Artisanat,Start-up,Rabat-Salé-Kénitra,172397
Auto-entrepreneur,Agriculture,TPE,Fès-Meknès,27860
Coopérative,Commerce,TPE,Rabat-Salé-Kénitra,35457
Coopérative,Agriculture,PME,Marrakech-Safi,92981
Personne physique,Agriculture,TPE,Casablanca-Settat,51030
Auto-entrepreneur,Agriculture,TPE,Autre,31221
Personne physique,Tech,PME,Casablanca-Settat,271414
Personne physique,Industrie,PME,Casablanca-Settat,206181
Personne physique,Tech,TPE,Rabat-Salé-Kénitra,72718
Personne physique,Industrie,Start-up,Autre,222449
Personne physique,Agriculture,PME,Autre,115415
Personne physique,Commerce,Start-up,Autre,197539
Personne physique,Industrie,TPE,Rabat-Salé-Kénitra,75353
Auto-entrepreneur,Artisanat,PME,Casablanca-Settat,82759
Coopérative,Artisanat,Start-up,Rabat-Salé-Kénitra,167408
Personne physique,Tourisme,PME,Tanger-Tétouan,143152
Personne physique,Industrie,TPE,Tanger-Tétouan,63470
Personne physique,Commerce,Start-up,Rabat-Salé-Kénitra,228595
Personne physique,Tech,TPE,Autre,69979
Personne physique,Agriculture,TPE,Casablanca-Settat,38808
Personne physique,Tourisme,PME,Rabat-Salé-Kénitra,154543
Coopérative,Artisanat,Start-up,Rabat-Salé-Kénitra,173295
Coopérative,Tech,TPE,Rabat-Salé-Kénitra,76630
Personne physique,Tech,TPE,Marrakech-Safi,79721
Coopérative,Agriculture,Start-up,Tanger-Tétouan,166691
Auto-entrepreneur,Industrie,TPE,Autre,39333
Personne physique,Artisanat,TPE,Fès-Meknès,39656
Auto-entrepreneur,Commerce,Start-up,Autre,154669
Auto-entrepreneur,Tech,Start-up,Fès-Meknès,309243
Personne physique,Agriculture,Start-up,Marrakech-Safi,173110
Coopérative,Commerce,Start-up,Rabat-Salé-Kénitra,212284
Auto-entrepreneur,Industrie,PME,Marrakech-Safi,161848
Personne physique,Artisanat,Start-up,Marrakech-Safi,206318
Auto-entrepreneur,Industrie,PME,Casablanca-Settat,148094
Auto-entrepreneur,Tech,PME,Tanger-Tétouan,183119
Auto-entrepreneur,Commerce,PME,Fès-Meknès,98404
Auto-entrepreneur,Commerce,TPE,Rabat-Salé-Kénitra,29426
Coopérative,Commerce,PME,Fès-Meknès,117297
Auto-entrepreneur,Tech,PME,Autre,162697
Auto-entrepreneur,Tech,TPE,Fès-Meknès,62363
Auto-entrepreneur,Industrie,TPE,Autre,43154
Coopérative,Tourisme,TPE,Tanger-Tétouan,36130
Auto-entrepreneur,Industrie,Start-up,Autre,176650
Auto-entrepreneur,Artisanat,TPE,Fès-Meknès,25702
Coopérative,Agriculture,TPE,Fès-Meknès,31490
Coopérative,Commerce,PME,Autre,114061
Coopérative,Tourisme,TPE,Marrakech-Safi,38139
Auto-entrepreneur,Agriculture,Start-up,Tanger-Tétouan,188741
Coopérative,Tourisme,TPE,Casablanca-Settat,52788
Coopérative,Industrie,Start-up,Rabat-Salé-Kénitra,297211
Auto-entrepreneur,Tech,TPE,Fès-Meknès,62322
Coopérative,Commerce,TPE,Rabat-Salé-Kénitra,44353
Auto-entrepreneur,Industrie,TPE,Casablanca-Settat,53790
Personne physique,Agriculture,TPE,Rabat-Salé-Kénitra,36629
Coopérative,Agriculture,Start-up,Casablanca-Settat,194721
Personne physique,Agriculture,Start-up,Autre,184383
Auto-entrepreneur,Agriculture,PME,Marrakech-Safi,109976
Coopérative,Agriculture,Start-up,Fès-Meknès,169723
Auto-entrepreneur,Tourisme,TPE,Casablanca-Settat,45899
Personne physique,Industrie,PME,Rabat-Salé-Kénitra,202181
Auto-entrepreneur,Commerce,PME,Fès-Meknès,82830
Coopérative,Tech,PME,Marrakech-Safi,226421
Coopérative,Tech,TPE,Autre,57318
Personne physique,Industrie,Start-up,Fès-Meknès,272672
Auto-entrepreneur,Industrie,TPE,Casablanca-Settat,56160
Coopérative,Tech,PME,Marrakech-Safi,159432
Personne physique,Tech,TPE,Rabat-Salé-Kénitra,77514
Coopérative,Tourisme,TPE,Marrakech-Safi,40471
Coopérative,Artisanat,Start-up,Marrakech-Safi,151620
Auto-entrepreneur,Commerce,Start-up,Tanger-Tétouan,200805
Coopérative,Agriculture,PME,Marrakech-Safi,108974
Auto-entrepreneur,Artisanat,TPE,Marrakech-Safi,24854
Coopérative,Industrie,TPE,Fès-Meknès,50458
Personne physique,Tech,Start-up,Rabat-Salé-Kénitra,429150
Coopérative,Artisanat,TPE,Fès-Meknès,26048
Auto-entrepreneur,Commerce,TPE,Fès-Meknès,28604
Auto-entrepreneur,Industrie,TPE,Casablanca-Settat,42515
Personne physique,Agriculture,Start-up,Fès-Meknès,153078
Coopérative,Agriculture,PME,Tanger-Tétouan,122230
Coopérative,Commerce,PME,Tanger-Tétouan,125404
Personne physique,Commerce,TPE,Casablanca-Settat,44039
Coopérative,Tech,PME,Autre,183593
Coopérative,Agriculture,Start-up,Rabat-Salé-Kénitra,181078
Auto-entrepreneur,Industrie,Start-up,Rabat-Salé-Kénitra,297652
Coopérative,Artisanat,PME,Fès-Meknès,106547
Coopérative,Industrie,PME,Fès-Meknès,147300
Personne physique,Tourisme,TPE,Autre,46238
Personne physique,Tourisme,PME,Fès-Meknès,142259
Auto-entrepreneur,Commerce,TPE,Rabat-Salé-Kénitra,32987
Coopérative,Tech,TPE,Marrakech-Safi,56247
Coopérative,Tourisme,Start-up,Tanger-Tétouan,199117
Coopérative,Agriculture,Start-up,Marrakech-Safi,200257
Auto-entrepreneur,Industrie,Start-up,Marrakech-Safi,284176
Auto-entrepreneur,Industrie,Start-up,Rabat-Salé-Kénitra,278569
Personne physique,Commerce,PME,Marrakech-Safi,145616
Auto-entrepreneur,Artisanat,Start-up,Autre,131194
Coopérative,Commerce,PME,Casablanca-Settat,143160
Coopérative,Artisanat,Start-up,Fès-Meknès,166648
Auto-entrepreneur,Commerce,PME,Casablanca-Settat,106679
Coopérative,Commerce,TPE,Tanger-Tétouan,39045
Coopérative,Commerce,PME,Fès-Meknès,122301
Auto-entrepreneur,Artisanat,PME,Marrakech-Safi,68748
Auto-entrepreneur,Artisanat,Start-up,Tanger-Tétouan,157252
Coopérative,Commerce,PME,Fès-Meknès,94967
Coopérative,Tourisme,TPE,Autre,36664
Coopérative,Tech,TPE,Autre,63692
Personne physique,Tech,Start-up,Autre,283981
Personne physique,Tech,TPE,Autre,56594
Personne physique,Artisanat,PME,Marrakech-Safi,100916
Auto-entrepreneur,Artisanat,TPE,Casablanca-Settat,35662
Personne physique,Tourisme,Start-up,Fès-Meknès,171038
Auto-entrepreneur,Tech,PME,Marrakech-Safi,194973
Auto-entrepreneur,Tech,Start-up,Autre,217104
Personne physique,Commerce,PME,Casablanca-Settat,167744
Personne physique,Artisanat,TPE,Tanger-Tétouan,41368
Personne physique,Tech,Start-up,Tanger-Tétouan,349255
Coopérative,Industrie,Start-up,Tanger-Tétouan,271374
Personne physique,Tourisme,PME,Autre,120603
Coopérative,Industrie,Start-up,Tanger-Tétouan,284628
Auto-entrepreneur,Industrie,PME,Rabat-Salé-Kénitra,126447
Coopérative,Tourisme,PME,Fès-Meknès,93846
Personne physique,Industrie,PME,Fès-Meknès,140747
Auto-entrepreneur,Tech,PME,Autre,147835
Auto-entrepreneur,Artisanat,TPE,Rabat-Salé-Kénitra,26760
Auto-entrepreneur,Tourisme,PME,Marrakech-Safi,113272
Coopérative,Commerce,Start-up,Marrakech-Safi,228922
Personne physique,Industrie,TPE,Tanger-Tétouan,57272
Auto-entrepreneur,Tourisme,Start-up,Casablanca-Settat,203848
Auto-entrepreneur,Agriculture,TPE,Marrakech-Safi,30920
Auto-entrepreneur,Agriculture,PME,Casablanca-Settat,120269
Coopérative,Artisanat,TPE,Fès-Meknès,34740
Coopérative,Tech,TPE,Casablanca-Settat,79760
Personne physique,Artisanat,Start-up,Fès-Meknès,197796
Coopérative,Artisanat,Start-up,Rabat-Salé-Kénitra,134120
Auto-entrepreneur,Artisanat,PME,Rabat-Salé-Kénitra,100189
Personne physique,Artisanat,TPE,Autre,34672
Auto-entrepreneur,Commerce,TPE,Autre,27279
Auto-entrepreneur,Commerce,TPE,Tanger-Tétouan,40206
Coopérative,Tourisme,PME,Marrakech-Safi,104401
Personne physique,Agriculture,PME,Tanger-Tétouan,128618
Coopérative,Artisanat,PME,Fès-Meknès,79896
Coopérative,Tourisme,PME,Tanger-Tétouan,118165
Personne physique,Agriculture,PME,Casablanca-Settat,143572
Auto-entrepreneur,Industrie,Start-up,Fès-Meknès,233775
Auto-entrepreneur,Tech,TPE,Autre,48938
Personne physique,Commerce,TPE,Rabat-Salé-Kénitra,41525
Auto-entrepreneur,Industrie,TPE,Autre,49069
Personne physique,Agriculture,TPE,Marrakech-Safi,34301
Personne physique,Industrie,TPE,Fès-Meknès,55406
Coopérative,Tech,TPE,Fès-Meknès,69516
Personne physique,Agriculture,TPE,Casablanca-Settat,50087
Coopérative,Industrie,TPE,Marrakech-Safi,51860
Auto-entrepreneur,Commerce,Start-up,Rabat-Salé-Kénitra,197286
Auto-entrepreneur,Commerce,TPE,Fès-Meknès,36475
Auto-entrepreneur,Tourisme,Start-up,Fès-Meknès,197600
Auto-entrepreneur,Industrie,PME,Casablanca-Settat,161220
Coopérative,Artisanat,TPE,Tanger-Tétouan,27776
Auto-entrepreneur,Industrie,PME,Rabat-Salé-Kénitra,136401
Personne physique,Agriculture,PME,Autre,99174
Personne physique,Agriculture,PME,Marrakech-Safi,124503
Personne physique,Industrie,Start-up,Fès-Meknès,231740
Coopérative,Tech,PME,Fès-Meknès,189321
Auto-entrepreneur,Commerce,PME,Autre,86819
Auto-entrepreneur,Agriculture,PME,Rabat-Salé-Kénitra,92544
Auto-entrepreneur,Commerce,TPE,Tanger-Tétouan,39161
Coopérative,Agriculture,TPE,Fès-Meknès,33653
Personne physique,Tourisme,Start-up,Rabat-Salé-Kénitra,197983
Personne physique,Artisanat,Start-up,Autre,178085
Auto-entrepreneur,Agriculture,TPE,Casablanca-Settat,28831
Personne physique,Commerce,Start-up,Tanger-Tétouan,231774
Personne physique,Tourisme,TPE,Marrakech-Safi,49930
Coopérative,Agriculture,PME,Fès-Meknès,96551
Coopérative,Tech,PME,Rabat-Salé-Kénitra,224232
Coopérative,Artisanat,Start-up,Casablanca-Settat,174335
Coopérative,Agriculture,TPE,Marrakech-Safi,35471
Auto-entrepreneur,Tourisme,TPE,Rabat-Salé-Kénitra,30926
Coopérative,Tech,Start-up,Rabat-Salé-Kénitra,302971
Personne physique,Industrie,TPE,Marrakech-Safi,70344
Auto-entrepreneur,Tourisme,PME,Casablanca-Settat,113659
Personne physique,Tourisme,Start-up,Autre,206283
Personne physique,Tech,Start-up,Casablanca-Settat,389931
Personne physique,Tourisme,TPE,Tanger-Tétouan,46628
Coopérative,Tech,Start-up,Fès-Meknès,246741
Coopérative,Agriculture,TPE,Marrakech-Safi,34015
Auto-entrepreneur,Tech,TPE,Autre,54898
Auto-entrepreneur,Tech,TPE,Marrakech-Safi,49293
Coopérative,Artisanat,TPE,Marrakech-Safi,27765
Personne physique,Tech,TPE,Casablanca-Settat,61911
Auto-entrepreneur,Tech,Start-up,Fès-Meknès,259348
Coopérative,Industrie,PME,Tanger-Tétouan,186801
Coopérative,Agriculture,PME,Rabat-Salé-Kénitra,93074
Coopérative,Artisanat,Start-up,Rabat-Salé-Kénitra,144943
Personne physique,Industrie,Start-up,Marrakech-Safi,277210
Coopérative,Commerce,PME,Fès-Meknès,119117
Coopérative,Agriculture,PME,Autre,102668
Coopérative,Agriculture,PME,Casablanca-Settat,114806
Coopérative,Commerce,PME,Fès-Meknès,120309
Auto-entrepreneur,Tech,PME,Fès-Meknès,166599
Auto-entrepreneur,Industrie,TPE,Casablanca-Settat,61164
Coopérative,Tourisme,Start-up,Marrakech-Safi,228260
Personne physique,Artisanat,TPE,Fès-Meknès,29962
Auto-entrepreneur,Tourisme,PME,Rabat-Salé-Kénitra,103032
Coopérative,Commerce,PME,Casablanca-Settat,107309
Auto-entrepreneur,Agriculture,PME,Autre,80766
Auto-entrepreneur,Agriculture,TPE,Tanger-Tétouan,38394
Personne physique,Artisanat,TPE,Marrakech-Safi,33681
Coopérative,Agriculture,PME,Casablanca-Settat,105518
Coopérative,Agriculture,TPE,Tanger-Tétouan,39780
Personne physique,Artisanat,TPE,Tanger-Tétouan,35595
Personne physique,Industrie,PME,Autre,139294
Coopérative,Industrie,TPE,Fès-Meknès,48852
Coopérative,Artisanat,Start-up,Autre,136900
Personne physique,Commerce,Start-up,Fès-Meknès,222372
Auto-entrepreneur,Agriculture,Start-up,Fès-Meknès,122857
Auto-entrepreneur,Agriculture,Start-up,Casablanca-Settat,159739
Personne physique,Commerce,PME,Casablanca-Settat,141237
Auto-entrepreneur,Industrie,PME,Marrakech-Safi,130686
Personne physique,Tech,PME,Fès-Meknès,209749
Auto-entrepreneur,Tech,Start-up,Tanger-Tétouan,277969
Auto-entrepreneur,Tech,Start-up,Rabat-Salé-Kénitra,277737
Coopérative,Industrie,TPE,Marrakech-Safi,63703
Coopérative,Industrie,TPE,Casablanca-Settat,62540
Auto-entrepreneur,Commerce,Start-up,Autre,130352
Auto-entrepreneur,Agriculture,Start-up,Marrakech-Safi,163846
Coopérative,Commerce,Start-up,Marrakech-Safi,212726
Coopérative,Commerce,Start-up,Marrakech-Safi,207199
Coopérative,Industrie,TPE,Marrakech-Safi,46917
Personne physique,Tech,Start-up,Rabat-Salé-Kénitra,436946
Auto-entrepreneur,Tourisme,TPE,Autre,31737
Coopérative,Agriculture,Start-up,Autre,139905
Auto-entrepreneur,Industrie,Start-up,Autre,188369
Personne physique,Tech,Start-up,Fès-Meknès,279065
Personne physique,Tourisme,TPE,Tanger-Tétouan,50463
Coopérative,Tourisme,TPE,Autre,30939
Personne physique,Industrie,PME,Marrakech-Safi,153009
Auto-entrepreneur,Artisanat,Start-up,Marrakech-Safi,159626
Coopérative,Agriculture,PME,Autre,91158
Auto-entrepreneur,Tourisme,PME,Autre,78960
Auto-entrepreneur,Industrie,TPE,Marrakech-Safi,39396
Personne physique,Industrie,TPE,Fès-Meknès,48841
Personne physique,Tech,PME,Casablanca-Settat,204518
Personne physique,Artisanat,Start-up,Casablanca-Settat,205216
Personne physique,Agriculture,TPE,Autre,31065
Personne physique,Commerce,Start-up,Rabat-Salé-Kénitra,189110
Coopérative,Tech,Start-up,Autre,313519
Auto-entrepreneur,Tourisme,PME,Autre,103851
Auto-entrepreneur,Tourisme,PME,Casablanca-Settat,115727
Auto-entrepreneur,Tech,PME,Marrakech-Safi,171314
Auto-entrepreneur,Industrie,PME,Autre,119853
Personne physique,Tourisme,TPE,Marrakech-Safi,44685
Auto-entrepreneur,Artisanat,TPE,Marrakech-Safi,28075
Coopérative,Agriculture,PME,Rabat-Salé-Kénitra,108285
Coopérative,Artisanat,TPE,Marrakech-Safi,36623
Auto-entrepreneur,Tourisme,PME,Casablanca-Settat,95803
Auto-entrepreneur,Commerce,Start-up,Fès-Meknès,179728
Coopérative,Agriculture,Start-up,Fès-Meknès,145308
Coopérative,Agriculture,Start-up,Tanger-Tétouan,201423
Personne physique,Tech,PME,Autre,197763
Coopérative,Tech,Start-up,Casablanca-Settat,394078
Personne physique,Commerce,TPE,Marrakech-Safi,35658
Personne physique,Industrie,Start-up,Fès-Meknès,291724
Personne physique,Agriculture,Start-up,Casablanca-Settat,220096
Personne physique,Commerce,Start-up,Fès-Meknès,218525
Personne physique,Tech,TPE,Marrakech-Safi,70960
Auto-entrepreneur,Tech,PME,Fès-Meknès,162200
Coopérative,Agriculture,TPE,Autre,31488
Personne physique,Artisanat,PME,Autre,87274
Coopérative,Tourisme,PME,Tanger-Tétouan,120638
Coopérative,Tech,Start-up,Tanger-Tétouan,266930
Personne physique,Industrie,PME,Fès-Meknès,202568
Auto-entrepreneur,Industrie,TPE,Casablanca-Settat,57328
Personne physique,Tech,TPE,Autre,74402
Auto-entrepreneur,Artisanat,PME,Casablanca-Settat,82300
Coopérative,Artisanat,Start-up,Casablanca-Settat,199538
Auto-entrepreneur,Commerce,Start-up,Fès-Meknès,181448
Auto-entrepreneur,Industrie,TPE,Casablanca-Settat,56541
Auto-entrepreneur,Commerce,Start-up,Autre,160652
Coopérative,Industrie,PME,Marrakech-Safi,150112
Coopérative,Tourisme,PME,Tanger-Tétouan,136878
Auto-entrepreneur,Tourisme,TPE,Marrakech-Safi,36022
Auto-entrepreneur,Agriculture,PME,Casablanca-Settat,87474
Personne physique,Commerce,TPE,Marrakech-Safi,39319
Auto-entrepreneur,Tech,PME,Autre,177527
Personne physique,Commerce,TPE,Autre,43615
Auto-entrepreneur,Tech,Start-up,Casablanca-Settat,367371
Personne physique,Artisanat,PME,Fès-Meknès,104857
Coopérative,Commerce,PME,Marrakech-Safi,103161
Auto-entrepreneur,Artisanat,TPE,Fès-Meknès,23012
Auto-entrepreneur,Tourisme,TPE,Fès-Meknès,29917
Auto-entrepreneur,Tourisme,PME,Rabat-Salé-Kénitra,91618
Auto-entrepreneur,Agriculture,TPE,Casablanca-Settat,33661
Personne physique,Commerce,PME,Tanger-Tétouan,111763
Auto-entrepreneur,Artisanat,Start-up,Autre,121547
Coopérative,Tech,TPE,Autre,66566
Coopérative,Tourisme,PME,Casablanca-Settat,129937
Auto-entrepreneur,Tourisme,Start-up,Tanger-Tétouan,207215
Coopérative,Tech,Start-up,Autre,295464
Auto-entrepreneur,Artisanat,PME,Casablanca-Settat,83054
Auto-entrepreneur,Artisanat,TPE,Autre,23747
Coopérative,Commerce,PME,Fès-Meknès,90869
Auto-entrepreneur,Commerce,Start-up,Marrakech-Safi,158675
Coopérative,Industrie,PME,Marrakech-Safi,173505
Personne physique,Industrie,TPE,Autre,44758
Auto-entrepreneur,Agriculture,Start-up,Rabat-Salé-Kénitra,148203
Personne physique,Tourisme,PME,Tanger-Tétouan,128598
Coopérative,Commerce,TPE,Tanger-Tétouan,45625
Personne physique,Artisanat,Start-up,Tanger-Tétouan,194940
Personne physique,Tech,TPE,Fès-Meknès,72711
Coopérative,Artisanat,Start-up,Tanger-Tétouan,133320
Personne physique,Tourisme,PME,Marrakech-Safi,150174
Personne physique,Industrie,TPE,Fès-Meknès,63504
Coopérative,Artisanat,Start-up,Casablanca-Settat,180256
Personne physique,Agriculture,TPE,Tanger-Tétouan,47846
Coopérative,Tourisme,TPE,Tanger-Tétouan,37669
Personne physique,Industrie,PME,Casablanca-Settat,232949
Coopérative,Tech,TPE,Tanger-Tétouan,73451
Coopérative,Industrie,Start-up,Casablanca-Settat,238964
Personne physique,Agriculture,Start-up,Fès-Meknès,186209
Personne physique,Tourisme,Start-up,Marrakech-Safi,267939
Personne physique,Tech,Start-up,Casablanca-Settat,323881
Auto-entrepreneur,Agriculture,PME,Rabat-Salé-Kénitra,102727
Auto-entrepreneur,Industrie,TPE,Casablanca-Settat,62916
Auto-entrepreneur,Agriculture,PME,Tanger-Tétouan,98131
Coopérative,Tourisme,TPE,Fès-Meknès,33701
Personne physique,Commerce,TPE,Autre,39507
Coopérative,Agriculture,TPE,Fès-Meknès,30157
Auto-entrepreneur,Agriculture,PME,Autre,87081
Personne physique,Industrie,TPE,Casablanca-Settat,54755
Coopérative,Industrie,PME,Marrakech-Safi,168835
Personne physique,Tech,Start-up,Rabat-Salé-Kénitra,369968
Coopérative,Industrie,Start-up,Fès-Meknès,281141
Personne physique,Artisanat,TPE,Tanger-Tétouan,36830
Auto-entrepreneur,Tourisme,PME,Autre,99129
Auto-entrepreneur,Tourisme,Start-up,Tanger-Tétouan,193664
Personne physique,Commerce,PME,Marrakech-Safi,109341
Coopérative,Commerce,PME,Autre,107214
Auto-entrepreneur,Tourisme,TPE,Fès-Meknès,29714
Auto-entrepreneur,Commerce,Start-up,Casablanca-Settat,218829
Auto-entrepreneur,Tech,TPE,Tanger-Tétouan,46331
Personne physique,Industrie,TPE,Marrakech-Safi,58329
Personne physique,Tourisme,Start-up,Fès-Meknès,230491
Coopérative,Commerce,Start-up,Fès-Meknès,178637
Coopérative,Tourisme,PME,Fès-Meknès,96592
Coopérative,Artisanat,Start-up,Fès-Meknès,152820
Personne physique,Agriculture,PME,Autre,114118
Personne physique,Industrie,PME,Fès-Meknès,184939
Coopérative,Tourisme,PME,Tanger-Tétouan,115340
Coopérative,Agriculture,Start-up,Marrakech-Safi,184584
Personne physique,Commerce,TPE,Autre,37496
Coopérative,Agriculture,PME,Fès-Meknès,109661
Auto-entrepreneur,Industrie,TPE,Rabat-Salé-Kénitra,52085
Personne physique,Tourisme,TPE,Rabat-Salé-Kénitra,47737
Coopérative,Artisanat,Start-up,Marrakech-Safi,141720
Personne physique,Commerce,TPE,Casablanca-Settat,37438
Auto-entrepreneur,Tourisme,TPE,Casablanca-Settat,34437
Personne physique,Industrie,Start-up,Autre,228643
Personne physique,Commerce,PME,Autre,112413
Personne physique,Tech,TPE,Autre,65829
Personne physique,Agriculture,Start-up,Casablanca-Settat,194751
Auto-entrepreneur,Industrie,TPE,Rabat-Salé-Kénitra,59251
Personne physique,Tech,TPE,Casablanca-Settat,61806
Personne physique,Tourisme,PME,Tanger-Tétouan,149704
Coopérative,Artisanat,TPE,Fès-Meknès,31424
Personne physique,Commerce,Start-up,Autre,181577
Coopérative,Agriculture,TPE,Rabat-Salé-Kénitra,31003
Auto-entrepreneur,Commerce,PME,Marrakech-Safi,107201
Auto-entrepreneur,Tourisme,PME,Marrakech-Safi,103059
Auto-entrepreneur,Commerce,Start-up,Fès-Meknès,189683
Auto-entrepreneur,Agriculture,PME,Rabat-Salé-Kénitra,102493
Coopérative,Tourisme,TPE,Casablanca-Settat,52385
Personne physique,Commerce,PME,Casablanca-Settat,124569
Auto-entrepreneur,Artisanat,Start-up,Tanger-Tétouan,152641
Personne physique,Industrie,PME,Tanger-Tétouan,188442
Coopérative,Tourisme,PME,Casablanca-Settat,146449
Coopérative,Industrie,PME,Marrakech-Safi,143510
Coopérative,Tourisme,Start-up,Autre,194278
Auto-entrepreneur,Artisanat,PME,Marrakech-Safi,83934
Personne physique,Industrie,PME,Tanger-Tétouan,197483
Personne physique,Tech,TPE,Fès-Meknès,61899
Personne physique,Agriculture,Start-up,Casablanca-Settat,254325
Coopérative,Tech,PME,Tanger-Tétouan,157573
Auto-entrepreneur,Commerce,Start-up,Tanger-Tétouan,190889
Coopérative,Artisanat,PME,Autre,97342
Coopérative,Tech,PME,Casablanca-Settat,234283
Personne physique,Tourisme,PME,Autre,122119
Coopérative,Commerce,TPE,Casablanca-Settat,41038
Personne physique,Commerce,TPE,Autre,45843
Auto-entrepreneur,Tech,TPE,Marrakech-Safi,49933
Personne physique,Tech,Start-up,Fès-Meknès,338735
Auto-entrepreneur,Artisanat,Start-up,Fès-Meknès,142080
Personne physique,Agriculture,TPE,Casablanca-Settat,47535
Coopérative,Tech,Start-up,Rabat-Salé-Kénitra,291592
Coopérative,Tech,PME,Tanger-Tétouan,200642
Auto-entrepreneur,Industrie,PME,Tanger-Tétouan,162338
Auto-entrepreneur,Tourisme,PME,Casablanca-Settat,97417
Auto-entrepreneur,Industrie,TPE,Autre,50311
Personne physique,Industrie,Start-up,Rabat-Salé-Kénitra,255718
Personne physique,Commerce,TPE,Marrakech-Safi,40052
Auto-entrepreneur,Agriculture,Start-up,Autre,116111
Coopérative,Tourisme,PME,Autre,90854
Personne physique,Artisanat,TPE,Casablanca-Settat,44832
Personne physique,Artisanat,Start-up,Casablanca-Settat,181324
Personne physique,Tech,Start-up,Tanger-Tétouan,339468
Auto-entrepreneur,Tech,PME,Casablanca-Settat,163758
Auto-entrepreneur,Artisanat,TPE,Casablanca-Settat,31996
Auto-entrepreneur,Tech,TPE,Casablanca-Settat,63936
Auto-entrepreneur,Agriculture,TPE,Tanger-Tétouan,30364
Auto-entrepreneur,Industrie,PME,Marrakech-Safi,134383
Coopérative,Tech,TPE,Marrakech-Safi,72701
Coopérative,Commerce,PME,Casablanca-Settat,120332
Auto-entrepreneur,Tech,PME,Tanger-Tétouan,167563
Personne physique,Tourisme,PME,Marrakech-Safi,123298
Auto-entrepreneur,Agriculture,Start-up,Autre,160518
Coopérative,Tourisme,TPE,Marrakech-Safi,38839
Coopérative,Tourisme,TPE,Marrakech-Safi,40720
Personne physique,Commerce,PME,Tanger-Tétouan,114921
Coopérative,Agriculture,PME,Autre,116160
Auto-entrepreneur,Agriculture,TPE,Tanger-Tétouan,29331
Personne physique,Agriculture,PME,Casablanca-Settat,146295
Auto-entrepreneur,Agriculture,TPE,Fès-Meknès,29518
Auto-entrepreneur,Agriculture,Start-up,Marrakech-Safi,141198
Personne physique,Commerce,PME,Fès-Meknès,135646
Auto-entrepreneur,Tech,TPE,Tanger-Tétouan,52273
Coopérative,Tourisme,PME,Tanger-Tétouan,139248
Auto-entrepreneur,Agriculture,TPE,Tanger-Tétouan,37315
Personne physique,Tech,TPE,Fès-Meknès,76071
Personne physique,Tech,PME,Tanger-Tétouan,170941
Personne physique,Tourisme,Start-up,Casablanca-Settat,275950
Auto-entrepreneur,Commerce,TPE,Tanger-Tétouan,32794
Personne physique,Artisanat,TPE,Rabat-Salé-Kénitra,42244
Personne physique,Artisanat,TPE,Fès-Meknès,35085
Auto-entrepreneur,Tech,Start-up,Rabat-Salé-Kénitra,333236
Coopérative,Industrie,Start-up,Tanger-Tétouan,269939
Auto-entrepreneur,Industrie,PME,Casablanca-Settat,160619
Personne physique,Tourisme,Start-up,Marrakech-Safi,192995
Personne physique,Artisanat,PME,Autre,105235
Auto-entrepreneur,Tech,PME,Autre,146325
Coopérative,Commerce,Start-up,Tanger-Tétouan,191256
Personne physique,Artisanat,PME,Casablanca-Settat,128672
Personne physique,Tech,Start-up,Fès-Meknès,345646
Personne physique,Tech,PME,Rabat-Salé-Kénitra,194137
Auto-entrepreneur,Agriculture,Start-up,Rabat-Salé-Kénitra,174064
Personne physique,Commerce,Start-up,Rabat-Salé-Kénitra,214881
Coopérative,Agriculture,PME,Fès-Meknès,101349
Personne physique,Tourisme,TPE,Autre,32859
Personne physique,Agriculture,PME,Casablanca-Settat,116690
Coopérative,Agriculture,Start-up,Fès-Meknès,156023
Personne physique,Artisanat,TPE,Rabat-Salé-Kénitra,39881
Auto-entrepreneur,Industrie,PME,Tanger-Tétouan,115862
Auto-entrepreneur,Tech,PME,Marrakech-Safi,161870
Auto-entrepreneur,Commerce,PME,Fès-Meknès,113335
Coopérative,Agriculture,TPE,Fès-Meknès,28891
Personne physique,Commerce,Start-up,Casablanca-Settat,235286
Auto-entrepreneur,Industrie,PME,Casablanca-Settat,176554
Coopérative,Industrie,PME,Fès-Meknès,181142
Personne physique,Agriculture,PME,Rabat-Salé-Kénitra,138438
Coopérative,Tourisme,PME,Marrakech-Safi,132219
Auto-entrepreneur,Agriculture,PME,Casablanca-Settat,119391
Auto-entrepreneur,Artisanat,Start-up,Rabat-Salé-Kénitra,143837
Auto-entrepreneur,Tech,Start-up,Tanger-Tétouan,314255
Coopérative,Tourisme,PME,Casablanca-Settat,107346
Coopérative,Agriculture,TPE,Rabat-Salé-Kénitra,44219
Auto-entrepreneur,Commerce,Start-up,Rabat-Salé-Kénitra,174452
Coopérative,Tourisme,TPE,Marrakech-Safi,41365
Auto-entrepreneur,Tourisme,Start-up,Marrakech-Safi,162352
Auto-entrepreneur,Agriculture,PME,Tanger-Tétouan,105313
Personne physique,Tourisme,Start-up,Rabat-Salé-Kénitra,196242
Coopérative,Commerce,PME,Autre,118669
Auto-entrepreneur,Industrie,Start-up,Rabat-Salé-Kénitra,285074
Auto-entrepreneur,Tourisme,PME,Marrakech-Safi,95734
Coopérative,Industrie,PME,Autre,163840
Personne physique,Commerce,PME,Casablanca-Settat,156315
Personne physique,Agriculture,PME,Casablanca-Settat,138981
Auto-entrepreneur,Tech,TPE,Fès-Meknès,50509
Coopérative,Tourisme,PME,Marrakech-Safi,110395
Personne physique,Tech,TPE,Fès-Meknès,59365
Coopérative,Commerce,TPE,Autre,31927
Coopérative,Tourisme,PME,Marrakech-Safi,141113
Auto-entrepreneur,Industrie,TPE,Tanger-Tétouan,39891
Personne physique,Artisanat,Start-up,Rabat-Salé-Kénitra,207922
Auto-entrepreneur,Tech,PME,Tanger-Tétouan,157845
Personne physique,Tourisme,TPE,Autre,40850
Personne physique,Tech,PME,Marrakech-Safi,234737
Personne physique,Tourisme,PME,Autre,140181
Personne physique,Agriculture,PME,Rabat-Salé-Kénitra,118177
Personne physique,Industrie,TPE,Casablanca-Settat,64993
Coopérative,Tech,Start-up,Casablanca-Settat,334652
Auto-entrepreneur,Artisanat,Start-up,Autre,101468
Coopérative,Artisanat,TPE,Fès-Meknès,27482
Personne physique,Commerce,PME,Marrakech-Safi,125419
Auto-entrepreneur,Tourisme,TPE,Marrakech-Safi,34720
Personne physique,Tech,TPE,Casablanca-Settat,83835
Auto-entrepreneur,Commerce,TPE,Tanger-Tétouan,32433
Coopérative,Tech,PME,Rabat-Salé-Kénitra,197607
Auto-entrepreneur,Tourisme,TPE,Tanger-Tétouan,34986
Auto-entrepreneur,Artisanat,PME,Tanger-Tétouan,92085
Auto-entrepreneur,Agriculture,TPE,Autre,32981
Auto-entrepreneur,Artisanat,Start-up,Casablanca-Settat,155964
Auto-entrepreneur,Commerce,TPE,Casablanca-Settat,41730
Personne physique,Industrie,TPE,Casablanca-Settat,60635
Auto-entrepreneur,Agriculture,Start-up,Autre,146383
Auto-entrepreneur,Commerce,PME,Fès-Meknès,90901
Coopérative,Tourisme,PME,Tanger-Tétouan,117330
Auto-entrepreneur,Agriculture,TPE,Autre,31477
Coopérative,Commerce,Start-up,Marrakech-Safi,220447
Personne physique,Tourisme,PME,Rabat-Salé-Kénitra,120289
Auto-entrepreneur,Artisanat,TPE,Fès-Meknès,28033
Coopérative,Industrie,Start-up,Marrakech-Safi,278872
Coopérative,Tourisme,PME,Tanger-Tétouan,102955
Personne physique,Tech,PME,Casablanca-Settat,204379
Auto-entrepreneur,Tourisme,Start-up,Tanger-Tétouan,166392
Auto-entrepreneur,Tourisme,Start-up,Autre,140417
Coopérative,Industrie,Start-up,Rabat-Salé-Kénitra,254439
Auto-entrepreneur,Tech,Start-up,Autre,228574
Coopérative,Commerce,TPE,Fès-Meknès,33949
Auto-entrepreneur,Commerce,Start-up,Fès-Meknès,177611
Coopérative,Tourisme,PME,Rabat-Salé-Kénitra,131245
Auto-entrepreneur,Tech,PME,Marrakech-Safi,200676
Personne physique,Tech,TPE,Marrakech-Safi,67613
Auto-entrepreneur,Industrie,PME,Fès-Meknès,150691
Auto-entrepreneur,Artisanat,PME,Fès-Meknès,91657
Personne physique,Commerce,Start-up,Casablanca-Settat,250484
Auto-entrepreneur,Industrie,PME,Marrakech-Safi,138923
Personne physique,Agriculture,TPE,Rabat-Salé-Kénitra,46260
Auto-entrepreneur,Commerce,Start-up,Marrakech-Safi,149849
Coopérative,Industrie,Start-up,Casablanca-Settat,276513
Coopérative,Commerce,TPE,Autre,35068
Auto-entrepreneur,Artisanat,Start-up,Fès-Meknès,137012
Auto-entrepreneur,Agriculture,Start-up,Fès-Meknès,122946
Auto-entrepreneur,Artisanat,TPE,Casablanca-Settat,36284
Coopérative,Agriculture,Start-up,Rabat-Salé-Kénitra,203865
Auto-entrepreneur,Tourisme,TPE,Fès-Meknès,34141
Coopérative,Industrie,TPE,Tanger-Tétouan,63356
Personne physique,Agriculture,PME,Fès-Meknès,111223
Coopérative,Artisanat,PME,Tanger-Tétouan,112660
Coopérative,Commerce,Start-up,Casablanca-Settat,211409
Personne physique,Agriculture,Start-up,Casablanca-Settat,186057
Coopérative,Industrie,TPE,Fès-Meknès,56734
Auto-entrepreneur,Agriculture,Start-up,Marrakech-Safi,171449
Auto-entrepreneur,Tech,TPE,Tanger-Tétouan,62115
Coopérative,Commerce,TPE,Rabat-Salé-Kénitra,47415
Auto-entrepreneur,Industrie,Start-up,Fès-Meknès,253216
Coopérative,Industrie,TPE,Rabat-Salé-Kénitra,59225
Auto-entrepreneur,Tourisme,PME,Fès-Meknès,117264
Auto-entrepreneur,Artisanat,Start-up,Marrakech-Safi,149702
Coopérative,Tourisme,PME,Marrakech-Safi,117035
Auto-entrepreneur,Industrie,Start-up,Marrakech-Safi,277019
Coopérative,Commerce,TPE,Autre,30596
Auto-entrepreneur,Agriculture,Start-up,Marrakech-Safi,173737
Auto-entrepreneur,Agriculture,PME,Casablanca-Settat,121717
Personne physique,Commerce,TPE,Casablanca-Settat,51076
Personne physique,Industrie,Start-up,Autre,291306
Coopérative,Agriculture,Start-up,Tanger-Tétouan,198190
Personne physique,Agriculture,Start-up,Rabat-Salé-Kénitra,207065
Coopérative,Agriculture,PME,Fès-Meknès,117956
Personne physique,Artisanat,PME,Fès-Meknès,87917
Auto-entrepreneur,Artisanat,Start-up,Autre,107220
Coopérative,Tech,TPE,Casablanca-Settat,63354
Coopérative,Tourisme,TPE,Fès-Meknès,38961
Auto-entrepreneur,Commerce,PME,Casablanca-Settat,112674
Coopérative,Commerce,TPE,Tanger-Tétouan,43155
Coopérative,Commerce,PME,Rabat-Salé-Kénitra,115888
Personne physique,Tech,Start-up,Tanger-Tétouan,347808
Coopérative,Artisanat,PME,Autre,68495
Auto-entrepreneur,Industrie,PME,Marrakech-Safi,138801
Personne physique,Industrie,Start-up,Marrakech-Safi,317733
Personne physique,Tech,TPE,Marrakech-Safi,56434
Auto-entrepreneur,Industrie,PME,Tanger-Tétouan,131379
Auto-entrepreneur,Commerce,PME,Fès-Meknès,85580
Personne physique,Tourisme,Start-up,Rabat-Salé-Kénitra,192968
Coopérative,Agriculture,TPE,Marrakech-Safi,35701
Personne physique,Artisanat,PME,Autre,82469
Auto-entrepreneur,Artisanat,Start-up,Autre,138251
Personne physique,Tech,PME,Marrakech-Safi,239226
Auto-entrepreneur,Artisanat,Start-up,Marrakech-Safi,142553
Personne physique,Commerce,TPE,Rabat-Salé-Kénitra,53223
Coopérative,Industrie,TPE,Marrakech-Safi,52930
Personne physique,Commerce,TPE,Rabat-Salé-Kénitra,44864
Personne physique,Tech,TPE,Autre,75328
Auto-entrepreneur,Commerce,PME,Marrakech-Safi,91047
Auto-entrepreneur,Industrie,PME,Tanger-Tétouan,169491
Auto-entrepreneur,Tourisme,TPE,Tanger-Tétouan,29417
Personne physique,Tech,TPE,Autre,61649
Coopérative,Tourisme,TPE,Rabat-Salé-Kénitra,35211
Auto-entrepreneur,Agriculture,PME,Tanger-Tétouan,104803
Auto-entrepreneur,Tourisme,TPE,Rabat-Salé-Kénitra,39439
Personne physique,Agriculture,TPE,Tanger-Tétouan,43306
Auto-entrepreneur,Agriculture,TPE,Tanger-Tétouan,30393
Coopérative,Tourisme,Start-up,Rabat-Salé-Kénitra,201524
Coopérative,Tech,TPE,Fès-Meknès,48965
Auto-entrepreneur,Industrie,Start-up,Tanger-Tétouan,225595
Auto-entrepreneur,Commerce,Start-up,Marrakech-Safi,199192
Personne physique,Commerce,TPE,Autre,36402
Coopérative,Industrie,Start-up,Fès-Meknès,290498
Coopérative,Agriculture,TPE,Rabat-Salé-Kénitra,42976
Auto-entrepreneur,Agriculture,PME,Fès-Meknès,86576
Personne physique,Tech,PME,Casablanca-Settat,243196
Coopérative,Artisanat,PME,Casablanca-Settat,87126
Coopérative,Tourisme,PME,Tanger-Tétouan,102239
Personne physique,Agriculture,Start-up,Tanger-Tétouan,163893
Personne physique,Commerce,TPE,Marrakech-Safi,43877
Coopérative,Tech,TPE,Autre,55023
Coopérative,Tourisme,TPE,Fès-Meknès,39214
Personne physique,Tech,PME,Casablanca-Settat,232947
Coopérative,Tourisme,PME,Tanger-Tétouan,114220
Auto-entrepreneur,Tourisme,TPE,Autre,34700
Auto-entrepreneur,Industrie,PME,Fès-Meknès,150945
Personne physique,Agriculture,TPE,Tanger-Tétouan,32234
Personne physique,Tech,TPE,Tanger-Tétouan,61803
Personne physique,Tech,TPE,Casablanca-Settat,83568
Auto-entrepreneur,Industrie,TPE,Casablanca-Settat,50405
Coopérative,Commerce,TPE,Tanger-Tétouan,40736
Auto-entrepreneur,Commerce,TPE,Rabat-Salé-Kénitra,33515
Coopérative,Agriculture,TPE,Tanger-Tétouan,34427
Auto-entrepreneur,Agriculture,PME,Autre,74604
Coopérative,Artisanat,TPE,Tanger-Tétouan,28454
Auto-entrepreneur,Industrie,TPE,Marrakech-Safi,50024
Personne physique,Commerce,PME,Marrakech-Safi,124091
Auto-entrepreneur,Tourisme,PME,Marrakech-Safi,119850
Coopérative,Tech,PME,Rabat-Salé-Kénitra,226438
Auto-entrepreneur,Agriculture,TPE,Rabat-Salé-Kénitra,34160
Auto-entrepreneur,Tech,Start-up,Tanger-Tétouan,308926
Auto-entrepreneur,Tech,Start-up,Marrakech-Safi,258373
Personne physique,Artisanat,PME,Rabat-Salé-Kénitra,106500
Auto-entrepreneur,Commerce,Start-up,Casablanca-Settat,202916
Personne physique,Agriculture,PME,Tanger-Tétouan,114538
Personne physique,Tech,TPE,Autre,65230
Auto-entrepreneur,Agriculture,Start-up,Fès-Meknès,132871
Auto-entrepreneur,Tourisme,TPE,Tanger-Tétouan,37437
Auto-entrepreneur,Artisanat,Start-up,Fès-Meknès,152233
Coopérative,Tourisme,TPE,Marrakech-Safi,46472
Auto-entrepreneur,Agriculture,Start-up,Fès-Meknès,165640
Personne physique,Agriculture,TPE,Marrakech-Safi,43932
Auto-entrepreneur,Commerce,TPE,Casablanca-Settat,38267
Coopérative,Tech,Start-up,Fès-Meknès,309385
Auto-entrepreneur,Tech,TPE,Tanger-Tétouan,47794
Coopérative,Tourisme,TPE,Marrakech-Safi,39591
Coopérative,Artisanat,TPE,Tanger-Tétouan,30880
Auto-entrepreneur,Industrie,Start-up,Rabat-Salé-Kénitra,298217
Personne physique,Tech,Start-up,Marrakech-Safi,340352
Coopérative,Commerce,TPE,Fès-Meknès,37055
Auto-entrepreneur,Tourisme,TPE,Marrakech-Safi,36479
Auto-entrepreneur,Tourisme,Start-up,Tanger-Tétouan,189847
Personne physique,Industrie,Start-up,Casablanca-Settat,362767
Coopérative,Commerce,TPE,Marrakech-Safi,34043
Coopérative,Artisanat,TPE,Fès-Meknès,30269
Auto-entrepreneur,Commerce,TPE,Rabat-Salé-Kénitra,40354
Auto-entrepreneur,Artisanat,PME,Autre,74485
Personne physique,Commerce,Start-up,Casablanca-Settat,213036
Personne physique,Commerce,PME,Rabat-Salé-Kénitra,142160
Coopérative,Agriculture,Start-up,Marrakech-Safi,203311
Coopérative,Tourisme,Start-up,Tanger-Tétouan,167114
Auto-entrepreneur,Commerce,Start-up,Tanger-Tétouan,188822
Coopérative,Industrie,Start-up,Fès-Meknès,289501
Personne physique,Commerce,Start-up,Tanger-Tétouan,209229
Personne physique,Tech,Start-up,Casablanca-Settat,459429
Auto-entrepreneur,Tourisme,Start-up,Tanger-Tétouan,200643
Personne physique,Tech,PME,Fès-Meknès,221338
Personne physique,Tourisme,TPE,Autre,44515
Personne physique,Tech,TPE,Marrakech-Safi,60217
Personne physique,Commerce,PME,Marrakech-Safi,113079
Auto-entrepreneur,Commerce,PME,Tanger-Tétouan,100531
Auto-entrepreneur,Agriculture,PME,Rabat-Salé-Kénitra,91285
Coopérative,Industrie,PME,Marrakech-Safi,156508
Personne physique,Tech,Start-up,Autre,363946
Coopérative,Artisanat,TPE,Tanger-Tétouan,35587
Auto-entrepreneur,Agriculture,Start-up,Fès-Meknès,159906
Auto-entrepreneur,Tech,TPE,Autre,57620
Auto-entrepreneur,Tech,TPE,Tanger-Tétouan,62357
Auto-entrepreneur,Agriculture,PME,Autre,83946
Auto-entrepreneur,Commerce,Start-up,Marrakech-Safi,149672
Auto-entrepreneur,Tech,PME,Fès-Meknès,160507
Auto-entrepreneur,Commerce,Start-up,Tanger-Tétouan,186064
Personne physique,Agriculture,TPE,Casablanca-Settat,42881
Coopérative,Commerce,PME,Fès-Meknès,116285
Auto-entrepreneur,Tourisme,PME,Casablanca-Settat,99522
Personne physique,Artisanat,TPE,Autre,34625
Personne physique,Tech,TPE,Rabat-Salé-Kénitra,82694
Coopérative,Industrie,TPE,Fès-Meknès,55544
Auto-entrepreneur,Artisanat,PME,Autre,89730
Coopérative,Commerce,Start-up,Casablanca-Settat,237863
Auto-entrepreneur,Tech,PME,Marrakech-Safi,195088
Personne physique,Commerce,Start-up,Marrakech-Safi,249354
Personne physique,Tourisme,PME,Rabat-Salé-Kénitra,158836
Personne physique,Agriculture,PME,Fès-Meknès,121946
Personne physique,Tech,TPE,Fès-Meknès,53352
Coopérative,Tourisme,Start-up,Fès-Meknès,189745
Auto-entrepreneur,Tourisme,PME,Autre,99967
Auto-entrepreneur,Tech,PME,Rabat-Salé-Kénitra,162572
Coopérative,Commerce,TPE,Fès-Meknès,33694
Auto-entrepreneur,Industrie,TPE,Autre,51169
Personne physique,Tourisme,Start-up,Marrakech-Safi,260254
Auto-entrepreneur,Artisanat,PME,Casablanca-Settat,105306
Personne physique,Tourisme,Start-up,Autre,194887
Coopérative,Industrie,PME,Marrakech-Safi,130488
Auto-entrepreneur,Commerce,Start-up,Marrakech-Safi,141455
Coopérative,Commerce,TPE,Casablanca-Settat,38914
Auto-entrepreneur,Artisanat,PME,Marrakech-Safi,67729
Personne physique,Tourisme,Start-up,Rabat-Salé-Kénitra,190621
Coopérative,Commerce,TPE,Casablanca-Settat,49086
Auto-entrepreneur,Industrie,TPE,Marrakech-Safi,51958
Personne physique,Tech,Start-up,Tanger-Tétouan,323254
Coopérative,Agriculture,PME,Autre,82917
Coopérative,Agriculture,PME,Marrakech-Safi,108503
Auto-entrepreneur,Agriculture,TPE,Rabat-Salé-Kénitra,26952
Auto-entrepreneur,Tourisme,PME,Fès-Meknès,120593
Auto-entrepreneur,Artisanat,PME,Marrakech-Safi,81138
Personne physique,Commerce,PME,Fès-Meknès,116393
Auto-entrepreneur,Tech,TPE,Tanger-Tétouan,53549
Coopérative,Industrie,Start-up,Marrakech-Safi,223487
Coopérative,Tech,PME,Casablanca-Settat,219403
Auto-entrepreneur,Industrie,TPE,Fès-Meknès,49850
Auto-entrepreneur,Tourisme,TPE,Tanger-Tétouan,38536
Coopérative,Agriculture,Start-up,Casablanca-Settat,169364
Personne physique,Tourisme,PME,Casablanca-Settat,153183
Auto-entrepreneur,Artisanat,PME,Casablanca-Settat,94968
Auto-entrepreneur,Artisanat,Start-up,Casablanca-Settat,176694
Coopérative,Industrie,Start-up,Marrakech-Safi,256946
Auto-entrepreneur,Commerce,TPE,Autre,29027
Personne physique,Commerce,TPE,Marrakech-Safi,44515
Coopérative,Industrie,Start-up,Marrakech-Safi,284372
Auto-entrepreneur,Artisanat,PME,Tanger-Tétouan,82968
Coopérative,Artisanat,TPE,Tanger-Tétouan,30783
Auto-entrepreneur,Artisanat,TPE,Autre,25141
Auto-entrepreneur,Tourisme,PME,Tanger-Tétouan,123597
Auto-entrepreneur,Artisanat,TPE,Rabat-Salé-Kénitra,28943
Personne physique,Tech,PME,Autre,222259
Personne physique,Agriculture,PME,Tanger-Tétouan,120192
Coopérative,Artisanat,PME,Autre,100332
Auto-entrepreneur,Industrie,Start-up,Marrakech-Safi,271952
Auto-entrepreneur,Agriculture,Start-up,Marrakech-Safi,151196
Personne physique,Tourisme,Start-up,Autre,231955
Auto-entrepreneur,Industrie,PME,Rabat-Salé-Kénitra,127617
Personne physique,Agriculture,PME,Rabat-Salé-Kénitra,147422
Auto-entrepreneur,Industrie,Start-up,Autre,227374
Coopérative,Tourisme,TPE,Tanger-Tétouan,33281
Auto-entrepreneur,Tech,PME,Fès-Meknès,168809
Auto-entrepreneur,Tourisme,TPE,Rabat-Salé-Kénitra,44971
Personne physique,Tourisme,TPE,Casablanca-Settat,40982
Auto-entrepreneur,Industrie,PME,Marrakech-Safi,147150
Auto-entrepreneur,Commerce,PME,Autre,100899
Personne physique,Artisanat,TPE,Casablanca-Settat,43278
Coopérative,Artisanat,TPE,Autre,27373
Coopérative,Tech,Start-up,Marrakech-Safi,277725
Personne physique,Tech,Start-up,Marrakech-Safi,285928
Personne physique,Artisanat,PME,Rabat-Salé-Kénitra,113766
Personne physique,Commerce,Start-up,Rabat-Salé-Kénitra,218922
Personne physique,Artisanat,Start-up,Casablanca-Settat,227053
Personne physique,Commerce,Start-up,Autre,157636
Coopérative,Tech,Start-up,Marrakech-Safi,338360
Coopérative,Agriculture,TPE,Casablanca-Settat,32075
Personne physique,Industrie,PME,Fès-Meknès,148526
Auto-entrepreneur,Tech,Start-up,Casablanca-Settat,302281
Personne physique,Tech,TPE,Tanger-Tétouan,68736
Auto-entrepreneur,Tourisme,TPE,Casablanca-Settat,42541
Personne physique,Tourisme,TPE,Tanger-Tétouan,52384
Personne physique,Tourisme,Start-up,Tanger-Tétouan,237513
Coopérative,Industrie,Start-up,Tanger-Tétouan,318982
Auto-entrepreneur,Tourisme,PME,Fès-Meknès,118262
Auto-entrepreneur,Commerce,Start-up,Casablanca-Settat,193321
Coopérative,Artisanat,Start-up,Casablanca-Settat,196382
Coopérative,Agriculture,TPE,Fès-Meknès,36150
Coopérative,Tech,PME,Marrakech-Safi,157139
Coopérative,Commerce,Start-up,Rabat-Salé-Kénitra,220136
Auto-entrepreneur,Agriculture,Start-up,Casablanca-Settat,147482
Auto-entrepreneur,Commerce,TPE,Rabat-Salé-Kénitra,37044
Personne physique,Commerce,TPE,Autre,41350
Personne physique,Tech,Start-up,Autre,260382
Coopérative,Artisanat,PME,Fès-Meknès,80108
Coopérative,Tourisme,PME,Autre,127532
Coopérative,Industrie,TPE,Autre,50861
Personne physique,Artisanat,TPE,Marrakech-Safi,31448
Personne physique,Industrie,Start-up,Marrakech-Safi,322882
Personne physique,Tech,TPE,Marrakech-Safi,72710
Personne physique,Tech,Start-up,Autre,315199
Personne physique,Tech,PME,Fès-Meknès,237500
Personne physique,Agriculture,PME,Tanger-Tétouan,128806
Personne physique,Industrie,Start-up,Tanger-Tétouan,285053
Coopérative,Artisanat,TPE,Rabat-Salé-Kénitra,37045
Coopérative,Artisanat,PME,Tanger-Tétouan,109037
Coopérative,Commerce,TPE,Tanger-Tétouan,32516
Coopérative,Commerce,PME,Marrakech-Safi,101005
Personne physique,Commerce,Start-up,Marrakech-Safi,188379
Auto-entrepreneur,Tech,Start-up,Autre,271274
Personne physique,Artisanat,Start-up,Rabat-Salé-Kénitra,191323
Auto-entrepreneur,Industrie,PME,Casablanca-Settat,165939
Coopérative,Tech,TPE,Rabat-Salé-Kénitra,77813
Personne physique,Agriculture,TPE,Rabat-Salé-Kénitra,46635
Coopérative,Commerce,TPE,Fès-Meknès,30930
Personne physique,Tech,PME,Autre,177472
Coopérative,Tech,PME,Fès-Meknès,174910
Auto-entrepreneur,Agriculture,PME,Rabat-Salé-Kénitra,96605
Auto-entrepreneur,Tourisme,PME,Rabat-Salé-Kénitra,121080
Auto-entrepreneur,Artisanat,PME,Rabat-Salé-Kénitra,102026
Personne physique,Industrie,TPE,Tanger-Tétouan,55345
Auto-entrepreneur,Tourisme,PME,Fès-Meknès,104729
Personne physique,Commerce,PME,Rabat-Salé-Kénitra,149373
Auto-entrepreneur,Tech,TPE,Marrakech-Safi,54123
Auto-entrepreneur,Agriculture,PME,Autre,74930
Personne physique,Agriculture,TPE,Autre,35639
Personne physique,Artisanat,TPE,Marrakech-Safi,28773
Auto-entrepreneur,Tourisme,Start-up,Autre,190666
Personne physique,Artisanat,Start-up,Tanger-Tétouan,145237
Auto-entrepreneur,Tech,Start-up,Tanger-Tétouan,273107
Personne physique,Artisanat,Start-up,Casablanca-Settat,194801
Coopérative,Industrie,PME,Casablanca-Settat,212792
Coopérative,Agriculture,Start-up,Casablanca-Settat,171549
Coopérative,Agriculture,TPE,Autre,27403
Coopérative,Commerce,PME,Tanger-Tétouan,92200
Coopérative,Commerce,Start-up,Tanger-Tétouan,164901
Auto-entrepreneur,Tech,TPE,Tanger-Tétouan,49443
Coopérative,Industrie,PME,Marrakech-Safi,170462
Coopérative,Tourisme,PME,Tanger-Tétouan,107878
Coopérative,Artisanat,Start-up,Marrakech-Safi,127293
Coopérative,Tech,PME,Casablanca-Settat,235062
Personne physique,Commerce,TPE,Casablanca-Settat,44237
Auto-entrepreneur,Artisanat,PME,Autre,71176
Coopérative,Commerce,TPE,Casablanca-Settat,38751
Coopérative,Artisanat,PME,Autre,101222
Coopérative,Tourisme,Start-up,Rabat-Salé-Kénitra,184568
Auto-entrepreneur,Tech,TPE,Rabat-Salé-Kénitra,68167
Personne physique,Artisanat,PME,Fès-Meknès,110794
Auto-entrepreneur,Industrie,PME,Autre,107645
Personne physique,Agriculture,PME,Fès-Meknès,136195
Coopérative,Industrie,TPE,Fès-Meknès,46608
Coopérative,Industrie,TPE,Rabat-Salé-Kénitra,47596
Auto-entrepreneur,Agriculture,TPE,Autre,32594
Auto-entrepreneur,Industrie,Start-up,Rabat-Salé-Kénitra,272833
Personne physique,Artisanat,Start-up,Fès-Meknès,174045
Personne physique,Artisanat,TPE,Autre,27165
Auto-entrepreneur,Artisanat,PME,Fès-Meknès,79114
Personne physique,Agriculture,Start-up,Tanger-Tétouan,222444
Auto-entrepreneur,Industrie,TPE,Autre,39807
Personne physique,Agriculture,PME,Autre,99865
Auto-entrepreneur,Artisanat,Start-up,Fès-Meknès,106567
Auto-entrepreneur,Industrie,PME,Tanger-Tétouan,125236
Auto-entrepreneur,Industrie,PME,Marrakech-Safi,165623
Personne physique,Commerce,PME,Rabat-Salé-Kénitra,130756
Personne physique,Commerce,PME,Fès-Meknès,144586
Personne physique,Tourisme,Start-up,Autre,194052
Auto-entrepreneur,Tech,Start-up,Rabat-Salé-Kénitra,319306
Personne physique,Commerce,Start-up,Rabat-Salé-Kénitra,203661
Personne physique,Agriculture,TPE,Rabat-Salé-Kénitra,39712
Auto-entrepreneur,Commerce,Start-up,Marrakech-Safi,148969
Coopérative,Tourisme,PME,Casablanca-Settat,125474
Auto-entrepreneur,Industrie,Start-up,Fès-Meknès,232308
Personne physique,Tourisme,PME,Casablanca-Settat,177711
Auto-entrepreneur,Industrie,TPE,Casablanca-Settat,56268
Coopérative,Industrie,PME,Casablanca-Settat,156762
Auto-entrepreneur,Tech,PME,Rabat-Salé-Kénitra,144292
Personne physique,Commerce,PME,Tanger-Tétouan,108444
Coopérative,Agriculture,TPE,Rabat-Salé-Kénitra,38746
Personne physique,Agriculture,Start-up,Rabat-Salé-Kénitra,232273
Coopérative,Artisanat,Start-up,Autre,166722
Coopérative,Industrie,TPE,Autre,39188
Auto-entrepreneur,Agriculture,PME,Casablanca-Settat,106561
Auto-entrepreneur,Tech,Start-up,Rabat-Salé-Kénitra,290574
Personne physique,Industrie,TPE,Casablanca-Settat,70120
Auto-entrepreneur,Tech,Start-up,Autre,258006
Auto-entrepreneur,Agriculture,TPE,Tanger-Tétouan,34394
Coopérative,Agriculture,PME,Fès-Meknès,109088
Auto-entrepreneur,Artisanat,Start-up,Casablanca-Settat,130408
Coopérative,Agriculture,TPE,Tanger-Tétouan,40316
Coopérative,Industrie,Start-up,Fès-Meknès,217844
Coopérative,Industrie,Start-up,Marrakech-Safi,291441
Personne physique,Industrie,Start-up,Casablanca-Settat,318931
Personne physique,Artisanat,Start-up,Casablanca-Settat,193567
Personne physique,Artisanat,TPE,Marrakech-Safi,40646
Coopérative,Agriculture,PME,Marrakech-Safi,124843
Personne physique,Tourisme,TPE,Casablanca-Settat,55794
Personne physique,Tourisme,TPE,Marrakech-Safi,45183
Auto-entrepreneur,Artisanat,TPE,Rabat-Salé-Kénitra,32178
Personne physique,Agriculture,PME,Fès-Meknès,114588
Personne physique,Tourisme,Start-up,Fès-Meknès,245351
Coopérative,Agriculture,Start-up,Fès-Meknès,164350
Coopérative,Agriculture,Start-up,Rabat-Salé-Kénitra,224550
Coopérative,Agriculture,PME,Marrakech-Safi,126676
Coopérative,Commerce,Start-up,Tanger-Tétouan,209733
Coopérative,Industrie,PME,Marrakech-Safi,147706
Coopérative,Agriculture,Start-up,Casablanca-Settat,168827
Personne physique,Commerce,Start-up,Autre,218385
Coopérative,Artisanat,TPE,Fès-Meknès,25919
Coopérative,Tourisme,PME,Marrakech-Safi,138717
Auto-entrepreneur,Industrie,TPE,Tanger-Tétouan,47823
Personne physique,Tourisme,TPE,Casablanca-Settat,47650
Personne physique,Industrie,TPE,Rabat-Salé-Kénitra,73160
Personne physique,Tourisme,PME,Rabat-Salé-Kénitra,147638
Coopérative,Industrie,PME,Tanger-Tétouan,166965
Coopérative,Tourisme,Start-up,Casablanca-Settat,227986
Coopérative,Tourisme,TPE,Fès-Meknès,36492
Auto-entrepreneur,Tourisme,Start-up,Marrakech-Safi,200566
Coopérative,Tourisme,TPE,Casablanca-Settat,40145
Auto-entrepreneur,Artisanat,PME,Rabat-Salé-Kénitra,103684
Personne physique,Agriculture,PME,Tanger-Tétouan,138911
Coopérative,Tech,PME,Tanger-Tétouan,176714
Auto-entrepreneur,Commerce,TPE,Marrakech-Safi,37121
Auto-entrepreneur,Tech,PME,Tanger-Tétouan,172921
Coopérative,Tech,TPE,Tanger-Tétouan,58909
Personne physique,Industrie,Start-up,Casablanca-Settat,394485
Personne physique,Agriculture,TPE,Fès-Meknès,30784
Personne physique,Industrie,Start-up,Marrakech-Safi,270318
Auto-entrepreneur,Agriculture,TPE,Casablanca-Settat,35483
Auto-entrepreneur,Agriculture,Start-up,Fès-Meknès,153335
Auto-entrepreneur,Tourisme,PME,Casablanca-Settat,123026
Auto-entrepreneur,Artisanat,Start-up,Autre,138684
Personne physique,Tourisme,PME,Casablanca-Settat,155835
Coopérative,Artisanat,PME,Tanger-Tétouan,98291
Auto-entrepreneur,Industrie,Start-up,Fès-Meknès,187281
Auto-entrepreneur,Artisanat,TPE,Marrakech-Safi,26617
Personne physique,Industrie,TPE,Marrakech-Safi,53569
Coopérative,Tech,TPE,Fès-Meknès,54233
Coopérative,Tech,TPE,Tanger-Tétouan,64369
Personne physique,Artisanat,TPE,Rabat-Salé-Kénitra,32333
Personne physique,Artisanat,PME,Casablanca-Settat,105980
Coopérative,Industrie,TPE,Tanger-Tétouan,48321
Auto-entrepreneur,Tourisme,PME,Autre,114638
Coopérative,Industrie,PME,Fès-Meknès,181274
Personne physique,Tourisme,PME,Casablanca-Settat,155031
Auto-entrepreneur,Tech,Start-up,Marrakech-Safi,327547
Auto-entrepreneur,Agriculture,Start-up,Rabat-Salé-Kénitra,187207
Personne physique,Artisanat,PME,Autre,97900
Personne physique,Tourisme,Start-up,Marrakech-Safi,180579
Personne physique,Industrie,TPE,Fès-Meknès,63213
Coopérative,Tech,TPE,Casablanca-Settat,74913
Coopérative,Tourisme,PME,Fès-Meknès,120746
Auto-entrepreneur,Industrie,TPE,Casablanca-Settat,58300
Personne physique,Artisanat,PME,Tanger-Tétouan,105543
Auto-entrepreneur,Artisanat,PME,Rabat-Salé-Kénitra,95400
Auto-entrepreneur,Commerce,TPE,Tanger-Tétouan,39918
Auto-entrepreneur,Agriculture,Start-up,Tanger-Tétouan,152052
Auto-entrepreneur,Commerce,TPE,Fès-Meknès,34989
Personne physique,Tech,TPE,Rabat-Salé-Kénitra,72785
Auto-entrepreneur,Tourisme,PME,Casablanca-Settat,127087
Personne physique,Tech,PME,Casablanca-Settat,255291
Personne physique,Industrie,PME,Autre,132545
Coopérative,Artisanat,PME,Marrakech-Safi,100041
Personne physique,Commerce,Start-up,Autre,170346
Coopérative,Commerce,Start-up,Autre,183832
Personne physique,Commerce,Start-up,Casablanca-Settat,230789
Personne physique,Tech,PME,Fès-Meknès,221330
Personne physique,Artisanat,PME,Tanger-Tétouan,89183
Coopérative,Tourisme,PME,Tanger-Tétouan,127639
Coopérative,Industrie,Start-up,Tanger-Tétouan,246075
Auto-entrepreneur,Tourisme,PME,Rabat-Salé-Kénitra,129411
